Avg sepal length (cm),Avg sepal width (cm),Avg petal length (cm),Avg petal width (cm)
5.873333333333334,3.060833333333334,3.785000000000001,1.2133333333333332
